1,2022-01-02,2022-01-08
2,2022-01-09,2022-01-15
3,2022-01-16,2022-01-22
4,2022-01-23,2022-01-29
5,2022-01-30,2022-02-05
6,2022-02-06,2022-02-12
7,2022-02-13,2022-02-19
8,2022-02-20,2022-02-26
9,2022-02-27,2022-03-05
10,2022-03-06,2022-03-12
11,2022-03-13,2022-03-19
12,2022-03-20,2022-03-26
13,2022-03-27,2022-04-02
14,2022-04-03,2022-04-09
15,2022-04-10,2022-04-16
16,2022-04-17,2022-04-23
17,2022-04-24,2022-04-30
18,2022-05-01,2022-05-07
19,2022-05-08,2022-05-14
20,2022-05-15,2022-05-21
21,2022-05-22,2022-05-28
22,2022-05-29,2022-06-04
23,2022-06-05,2022-06-11
24,2022-06-12,2022-06-18
25,2022-06-19,2022-06-25
26,2022-06-26,2022-07-02
27,2022-07-03,2022-07-09
28,2022-07-10,2022-07-16
29,2022-07-17,2022-07-23
30,2022-07-24,2022-07-30
31,2022-07-31,2022-08-06
32,2022-08-07,2022-08-13
33,2022-08-14,2022-08-20
34,2022-08-21,2022-08-27
35,2022-08-28,2022-09-03
36,2022-09-04,2022-09-10
37,2022-09-11,2022-09-17
38,2022-09-18,2022-09-24
39,2022-09-25,2022-10-01
40,2022-10-02,2022-10-08
41,2022-10-09,2022-10-15
42,2022-10-16,2022-10-22
43,2022-10-23,2022-10-29
44,2022-10-30,2022-11-05
45,2022-11-06,2022-11-12
46,2022-11-13,2022-11-19
47,2022-11-20,2022-11-26
48,2022-11-27,2022-12-03
49,2012-12-04,2022-12-10
50,2022-12-11,2022-12-17
51,2022-12-18,2022-12-24
52,2022-12-25,2022-12-31
